{
  "pages": [
    {
      "name": "Dashboard Analytics",
      "icon": "bx-home-circle",
      "url": "/"
    },
    {
      "name": "Dashboard CRM",
      "icon": "bx-home-circle",
      "url": "dashboard/crm"
    },
    {
      "name": "Layout Without menu",
      "icon": "bx-layout",
      "url": "layouts/without-menu"
    },
    {
      "name": "Layout Fluid",
      "icon": "bx-layout",
      "url": "layouts/fluid"
    },
    {
      "name": "Layout Container",
      "icon": "bx-layout",
      "url": "layouts/container"
    },
    {
      "name": "Layout Blank",
      "icon": "bx-layout",
      "url": "layouts/blank"
    },
    {
      "name": "User Management",
      "icon": "bx-user",
      "url": "laravel/user-management"
    },
    {
      "name": "Email",
      "icon": "bx-envelope",
      "url": "app/email"
    },
    {
      "name": "Chat",
      "icon": "bx-chat",
      "url": "app/chat"
    },
    {
      "name": "Calendar",
      "icon": "bx-calendar",
      "url": "app/calendar"
    },
    {
      "name": "Kanban",
      "icon": "bx-grid",
      "url": "app/kanban"
    },
    {
      "name": "eCommerce Dashboard",
      "icon": "bx-home-circle",
      "url": "app/ecommerce/dashboard"
    },
    {
      "name": "eCommerce - Product",
      "icon": "bx-cart-alt",
      "url": "app/ecommerce/product/list"
    },
    {
      "name": "eCommerce - Product List",
      "icon": "bxl-product-hunt",
      "url": "app/ecommerce/product/list"
    },
    {
      "name": "eCommerce - Add Product",
      "icon": "bx-plus-circle",
      "url": "app/ecommerce/product/add"
    },
    {
      "name": "eCommerce - Category List",
      "icon": "bx-list-ol",
      "url": "app/ecommerce/category/list"
    },
    {
      "name": "eCommerce - Order List",
      "icon": "bx-list-ol",
      "url": "app/ecommerce/order/list"
    },
    {
      "name": "eCommerce - Orders Details",
      "icon": "bx-list-check",
      "url": "app/ecommerce/order/details"
    },
    {
      "name": "eCommerce - Customers",
      "icon": "bx-user",
      "url": "app/ecommerce/customer/all"
    },
    {
      "name": "eCommerce - Customers Overview",
      "icon": "bx-list-ol",
      "url": "app/ecommerce/customer/details/overview"
    },
    {
      "name": "eCommerce - Customers Security",
      "icon": "bx-shield-plus",
      "url": "app/ecommerce/customer/details/security"
    },
    {
      "name": "eCommerce - Customers Address and Billing",
      "icon": "bx-current-location",
      "url": "app/ecommerce/customer/details/billing"
    },
    {
      "name": "eCommerce - Customers Notifications",
      "icon": "bx-bell",
      "url": "app/ecommerce/customer/details/notifications"
    },
    {
      "name": "eCommerce - Manage Reviews",
      "icon": "bx-message-square-detail",
      "url": "app/ecommerce/manage/reviews"
    },
    {
      "name": "eCommerce - Referrals",
      "icon": "bxs-business",
      "url": "app/ecommerce/referrals"
    },
    {
      "name": "eCommerce - Settings Store Details",
      "icon": "bx-detail",
      "url": "app/ecommerce/settings/details"
    },
    {
      "name": "eCommerce - Settings Store Payments",
      "icon": "bx-money",
      "url": "app/ecommerce/settings/payments"
    },
    {
      "name": "eCommerce - Settings Store Checkout",
      "icon": "bx-cart",
      "url": "app/ecommerce/settings/checkout"
    },
    {
      "name": "eCommerce - Settings Shipping & Delivery",
      "icon": "bx-car",
      "url": "app/ecommerce/settings/shipping"
    },
    {
      "name": "eCommerce - Settings Locations",
      "icon": "bx-location-plus",
      "url": "app/ecommerce/settings/locations"
    },
    {
      "name": "eCommerce - Settings Notifications",
      "icon": "bx-bell",
      "url": "app/ecommerce/settings/notifications"
    },
    {
      "name": "Academy - Dashboard",
      "icon": "bx-book-open",
      "url": "app/academy/dashboard"
    },
    {
      "name": "Academy - My Course",
      "icon": "bx-list-ul",
      "url": "app/academy/course"
    },
    {
      "name": "Academy - Course Details",
      "icon": "bx-detail",
      "url": "app/academy/course-details"
    },
    {
      "name": "User List",
      "icon": "bx-list-ol",
      "url": "app/user/list"
    },
    {
      "name": "User View - Account",
      "icon": "bx-user",
      "url": "app/user/view/account"
    },
    {
      "name": "User View - Security",
      "icon": "bx-shield",
      "url": "app/user/view/security"
    },
    {
      "name": "User View - Billing & Plans",
      "icon": "bx-file",
      "url": "app/user/view/billing"
    },
    {
      "name": "User View - Notifications",
      "icon": "bx-notification",
      "url": "app/user/view/notifications"
    },
    {
      "name": "User View - Connections",
      "icon": "bxl-google",
      "url": "app/user/view/connections"
    },
    {
      "name": "Roles",
      "icon": "bx-shield-quarter",
      "url": "app/access-roles"
    },
    {
      "name": "Permission",
      "icon": "bx-block",
      "url": "app/access-permission"
    },
    {
      "name": "Logistics Dashboard",
      "icon": "bx-book-reader",
      "url": "app/logistics/dashboard"
    },
    {
      "name": "Logistics Fleet",
      "icon": "bx-car",
      "url": "app/logistics/fleet"
    },
    {
      "name": "Invoice List",
      "icon": "bx-list-ol",
      "url": "app/invoice/list"
    },
    {
      "name": "Invoice Preview",
      "icon": "bx-file",
      "url": "app/invoice/preview"
    },
    {
      "name": "Invoice Edit",
      "icon": "bx-pencil",
      "url": "app/invoice/edit"
    },
    {
      "name": "Invoice Add",
      "icon": "bx-user-plus",
      "url": "app/invoice/add"
    },
    {
      "name": "User Profile",
      "icon": "bx-user-circle",
      "url": "pages/profile-user"
    },
    {
      "name": "User Profile - Teams",
      "icon": "bx-group",
      "url": "pages/profile-teams"
    },
    {
      "name": "User Profile - Projects",
      "icon": "bx-grid-alt",
      "url": "pages/profile-projects"
    },
    {
      "name": "User Profile - Connections",
      "icon": "bx-link-alt",
      "url": "pages/profile-connections"
    },
    {
      "name": "Account Settings - Account",
      "icon": "bx-user",
      "url": "pages/account-settings-account"
    },
    {
      "name": "Account Settings - Security",
      "icon": "bx-shield",
      "url": "pages/account-settings-security"
    },
    {
      "name": "Account Settings - Billing & Plans",
      "icon": "bx-file",
      "url": "pages/account-settings-billing"
    },
    {
      "name": "Account Settings - Notifications",
      "icon": "bx-notification",
      "url": "pages/account-settings-notifications"
    },
    {
      "name": "Account Settings - Connections",
      "icon": "bxl-google",
      "url": "pages/account-settings-connections"
    },
    {
      "name": "FAQ",
      "icon": "bx-help-circle",
      "url": "pages/faq"
    },
    {
      "name": "Pricing",
      "icon": "bx-file",
      "url": "pages/pricing"
    },
    {
      "name": "Error",
      "icon": "bx-error-circle",
      "url": "pages/misc-error"
    },
    {
      "name": "Under Maintenance",
      "icon": "bx-first-aid",
      "url": "pages/misc-under-maintenance"
    },
    {
      "name": "Coming Soon",
      "icon": "bx-time",
      "url": "pages/misc-comingsoon"
    },
    {
      "name": "Not Authorized",
      "icon": "bx-user-x",
      "url": "pages/misc-not-authorized"
    },
    {
      "name": "Login Basic",
      "icon": "bx-log-in",
      "url": "auth/login-basic"
    },
    {
      "name": "Login Cover",
      "icon": "bx-log-in",
      "url": "auth/login-cover"
    },
    {
      "name": "Register Basic",
      "icon": "bx-user-plus",
      "url": "auth/register-basic"
    },
    {
      "name": "Register Cover",
      "icon": "bx-user-plus",
      "url": "auth/register-cover"
    },
    {
      "name": "Register Multi-steps",
      "icon": "bx-user-plus",
      "url": "auth/register-multisteps"
    },
    {
      "name": "Verify Email Basic",
      "icon": "bx-envelope",
      "url": "auth/verify-email-basic"
    },
    {
      "name": "Verify Email Cover",
      "icon": "bx-envelope",
      "url": "auth/verify-email-cover"
    },
    {
      "name": "Reset Password Basic",
      "icon": "bx-help-circle",
      "url": "auth/reset-password-basic"
    },
    {
      "name": "Reset Password Cover",
      "icon": "bx-help-circle",
      "url": "auth/reset-password-cover"
    },
    {
      "name": "Forgot Password Basic",
      "icon": "bx-question-mark",
      "url": "auth/forgot-password-basic"
    },
    {
      "name": "Forgot Password Cover",
      "icon": "bx-question-mark",
      "url": "auth/forgot-password-cover"
    },
    {
      "name": "Two Steps Verification Basic",
      "icon": "bx-question-mark",
      "url": "auth/two-steps-basic"
    },
    {
      "name": "Two Steps Verification Cover",
      "icon": "bx-question-mark",
      "url": "auth/two-steps-cover"
    },
    {
      "name": "Help Center Front",
      "icon": "bx-help-circle",
      "url": "front-pages/help-center"
    },
    {
      "name": "Landing Front",
      "icon": "bx-store",
      "url": "front-pages/landing"
    },
    {
      "name": "Pricing Front",
      "icon": "bx-dollar",
      "url": "front-pages/pricing"
    },
    {
      "name": "Checkout Front",
      "icon": "bx-check",
      "url": "front-pages/checkout"
    },
    {
      "name": "Payment Front",
      "icon": "bx-credit-card-front",
      "url": "front-pages/payment"
    },
    {
      "name": "Modal Examples",
      "icon": "bx-window-open",
      "url": "modal-examples"
    },
    {
      "name": "Checkout Wizard",
      "icon": "bx-cart",
      "url": "wizard/ex-checkout"
    },
    {
      "name": "Property Listing Wizard",
      "icon": "bx-building-house",
      "url": "wizard/ex-property-listing"
    },
    {
      "name": "Create Deal Wizard",
      "icon": "bx-gift",
      "url": "wizard/ex-create-deal"
    },
    {
      "name": "Boxicons",
      "icon": "bx-box",
      "url": "icons/boxicons"
    },
    {
      "name": "Font Awesome",
      "icon": "bx-font",
      "url": "icons/font-awesome"
    },
    {
      "name": "Basic Cards",
      "icon": "bx-credit-card-front",
      "url": "cards/basic"
    },
    {
      "name": "Advance Cards",
      "icon": "bx-id-card",
      "url": "cards/advance"
    },
    {
      "name": "Statistics Cards",
      "icon": "bx-bar-chart",
      "url": "cards/statistics"
    },
    {
      "name": "Analytics Cards",
      "icon": "bx-bar-chart",
      "url": "cards/analytics"
    },
    {
      "name": "Gamifications Cards",
      "icon": "bx-collection",
      "url": "cards/gamifications"
    },
    {
      "name": "Actions Cards",
      "icon": "bx-mouse-alt",
      "url": "cards/actions"
    },
    {
      "name": "Accordion",
      "icon": "bx-collapse",
      "url": "ui/accordion"
    },
    {
      "name": "Alerts",
      "icon": "bx-error",
      "url": "ui/alerts"
    },
    {
      "name": "Badges",
      "icon": "bx-badge",
      "url": "ui/badges"
    },
    {
      "name": "Buttons",
      "icon": "bx-plus-circle",
      "url": "ui/buttons"
    },
    {
      "name": "Carousel",
      "icon": "bx-image",
      "url": "ui/carousel"
    },
    {
      "name": "Collapse",
      "icon": "bx-collapse",
      "url": "ui/collapse"
    },
    {
      "name": "Dropdowns",
      "icon": "bx-archive-in",
      "url": "ui/dropdowns"
    },
    {
      "name": "Footer",
      "icon": "bx-dock-bottom",
      "url": "ui/footer"
    },
    {
      "name": "List Groups",
      "icon": "bx-list-ol",
      "url": "ui/list-groups"
    },
    {
      "name": "Modals",
      "icon": "bx-layout",
      "url": "ui/modals"
    },
    {
      "name": "Navbar",
      "icon": "bx-dock-top",
      "url": "ui/navbar"
    },
    {
      "name": "Offcanvas",
      "icon": "bx-layout",
      "url": "ui/offcanvas"
    },
    {
      "name": "Pagination &amp; Breadcrumbs",
      "icon": "bx-chevrons-right",
      "url": "ui/pagination-breadcrumbs"
    },
    {
      "name": "Progress",
      "icon": "bx-slider",
      "url": "ui/progress"
    },
    {
      "name": "Spinners",
      "icon": "bx-loader-circle",
      "url": "ui/spinners"
    },
    {
      "name": "Tabs &amp; Pills",
      "icon": "bx-server",
      "url": "ui/tabs-pills"
    },
    {
      "name": "Toasts",
      "icon": "bx-message-alt-dots",
      "url": "ui/toasts"
    },
    {
      "name": "Tooltips &amp; Popovers",
      "icon": "bx-message-alt-dots",
      "url": "ui/tooltips-popovers"
    },
    {
      "name": "Typography",
      "icon": "bx-font",
      "url": "ui/typography"
    },
    {
      "name": "Avatar",
      "icon": "bx-user-circle",
      "url": "extended/ui-avatar"
    },
    {
      "name": "BlockUI",
      "icon": "bx-fullscreen",
      "url": "extended/ui-blockui"
    },
    {
      "name": "Drag &amp; Drop",
      "icon": "bx-copy-alt",
      "url": "extended/ui-drag-and-drop"
    },
    {
      "name": "Media Player",
      "icon": "bx-music",
      "url": "extended/ui-media-player"
    },
    {
      "name": "Perfect Scrollbar",
      "icon": "bx-move-vertical",
      "url": "extended/ui-perfect-scrollbar"
    },
    {
      "name": "Star Ratings",
      "icon": "bx-star",
      "url": "extended/ui-star-ratings"
    },
    {
      "name": "SweetAlert2",
      "icon": "bx-error",
      "url": "extended/ui-sweetalert2"
    },
    {
      "name": "Text Divider",
      "icon": "bx-vertical-center",
      "url": "extended/ui-text-divider"
    },
    {
      "name": "Timeline Basic",
      "icon": "bx-move-horizontal",
      "url": "extended/ui-timeline-basic"
    },
    {
      "name": "Timeline Fullscreen",
      "icon": "bx-move-horizontal",
      "url": "extended/ui-timeline-fullscreen"
    },
    {
      "name": "Tour",
      "icon": "bx-paper-plane",
      "url": "extended/ui-tour"
    },
    {
      "name": "Treeview",
      "icon": "bx-git-repo-forked bx-rotate-180",
      "url": "extended/ui-treeview"
    },
    {
      "name": "Miscellaneous",
      "icon": "bx-sitemap",
      "url": "extended/ui-misc"
    },
    {
      "name": "Basic Inputs",
      "icon": "bx-receipt",
      "url": "forms/basic-inputs"
    },
    {
      "name": "Input groups",
      "icon": "bx-book-content",
      "url": "forms/input-groups"
    },
    {
      "name": "Custom Options",
      "icon": "bx-circle",
      "url": "forms/custom-options"
    },
    {
      "name": "Editors",
      "icon": "bx-select-multiple",
      "url": "forms/editors"
    },
    {
      "name": "File Upload",
      "icon": "bx-toggle-left",
      "url": "forms/file-upload"
    },
    {
      "name": "Pickers",
      "icon": "bx-edit",
      "url": "forms/pickers"
    },
    {
      "name": "Select &amp; Tags",
      "icon": "bx-upload",
      "url": "forms/selects"
    },
    {
      "name": "Sliders",
      "icon": "bx-plus",
      "url": "forms/sliders"
    },
    {
      "name": "Switches",
      "icon": "bx-slider-alt",
      "url": "forms/switches"
    },
    {
      "name": "Extras",
      "icon": "bx-plus-circle",
      "url": "forms/extras"
    },
    {
      "name": "Vertical Form",
      "icon": "bx-file",
      "url": "form/layouts-vertical"
    },
    {
      "name": "Horizontal Form",
      "icon": "bx-file",
      "url": "form/layouts-horizontal"
    },
    {
      "name": "Sticky Actions",
      "icon": "bx-file",
      "url": "form/layouts-sticky"
    },
    {
      "name": "Numbered Wizard",
      "icon": "bx-dots-horizontal-rounded",
      "url": "form/wizard-numbered"
    },
    {
      "name": "Icons Wizard",
      "icon": "bx-dots-horizontal-rounded",
      "url": "form/wizard-icons"
    },
    {
      "name": "Form Validation",
      "icon": "bx-check",
      "url": "form/validation"
    },
    {
      "name": "Tables",
      "icon": "bx-table",
      "url": "tables/basic"
    },
    {
      "name": "Datatable Basic",
      "icon": "bx-table",
      "url": "tables/datatables-basic"
    },
    {
      "name": "Datatable Advanced",
      "icon": "bx-table",
      "url": "tables/datatables-advanced"
    },
    {
      "name": "Datatable Extensions",
      "icon": "bx-table",
      "url": "tables/datatables-extensions"
    },
    {
      "name": "Apex Charts",
      "icon": "bx-line-chart",
      "url": "charts/apex"
    },
    {
      "name": "ChartJS",
      "icon": "bx-bar-chart",
      "url": "charts/chartjs"
    },
    {
      "name": "Leaflet Maps",
      "icon": "bx-map-alt",
      "url": "maps/leaflet"
    }
  ],
  "files": [
    {
      "name": "Class Attendance",
      "subtitle": "By Tommy Shelby",
      "src": "img/icons/misc/search-xls.png",
      "meta": "17kb",
      "url": "javascript:;"
    },
    {
      "name": "Passport Image",
      "subtitle": "By William Budd",
      "src": "img/icons/misc/search-jpg.png",
      "meta": "35kb",
      "url": "javascript:;"
    },
    {
      "name": "Class Notes",
      "subtitle": "By Laurel Lance",
      "src": "img/icons/misc/search-doc.png",
      "meta": "153kb",
      "url": "javascript:;"
    },
    {
      "name": "Receipt",
      "subtitle": "By Donnie Darko",
      "src": "img/icons/misc/search-jpg.png",
      "meta": "25kb",
      "url": "javascript:;"
    },
    {
      "name": "Social Guide",
      "subtitle": "By Ryan Middleton",
      "src": "img/icons/misc/search-doc.png",
      "meta": "39kb",
      "url": "javascript:;"
    },
    {
      "name": "Expenses",
      "subtitle": "By Slade Wilson",
      "src": "img/icons/misc/search-xls.png",
      "meta": "15kb",
      "url": "javascript:;"
    },
    {
      "name": "Documentation",
      "subtitle": "By Walter White",
      "src": "img/icons/misc/search-doc.png",
      "meta": "200kb",
      "url": "javascript:;"
    },
    {
      "name": "Avatar",
      "subtitle": "By Ross Geller",
      "src": "img/icons/misc/search-jpg.png",
      "meta": "100kb",
      "url": "javascript:;"
    },
    {
      "name": "Data",
      "subtitle": "By Erik Foreman",
      "src": "img/icons/misc/search-xls.png",
      "meta": "5kb",
      "url": "javascript:;"
    },
    {
      "name": "Gardening Guide",
      "subtitle": "By Jerry Seinfeld",
      "src": "img/icons/misc/search-doc.png",
      "meta": "25kb",
      "url": "javascript:;"
    }
  ],
  "members": [
    {
      "name": "John Doe",
      "subtitle": "Admin",
      "src": "img/avatars/1.png",
      "url": "app/user/view/account"
    },
    {
      "name": "Micheal Clarke",
      "subtitle": "Customer",
      "src": "img/avatars/2.png",
      "url": "app/user/view/account"
    },
    {
      "name": "Melina Gibson",
      "subtitle": "Staff",
      "src": "img/avatars/5.png",
      "url": "app/user/view/account"
    },
    {
      "name": "Anna Strong",
      "subtitle": "Staff",
      "src": "img/avatars/7.png",
      "url": "app/user/view/account"
    },
    {
      "name": "Stephanie Gould",
      "subtitle": "Customer",
      "src": "img/avatars/3.png",
      "url": "app/user/view/account"
    },
    {
      "name": "David Budd",
      "subtitle": "Admin",
      "src": "img/avatars/10.png",
      "url": "app/user/view/account"
    },
    {
      "name": "Mark Shepiro",
      "subtitle": "Admin",
      "src": "img/avatars/12.png",
      "url": "app/user/view/account"
    }
  ]
}
